4,1057674,-0.01,-0.01,-0.01,-0.06,-0.06,-0.06,-0.06,-0.06,-0.06,-0.06,-0.06,-0.06,-0.01,-0.01,-0.01,-0.01,-0.01,-0.01,-0.00,-0.00,-0.00,-0.00,-0.06,-0.06,-0.06,3,3,3,3,,0.004331000003730878
4,1057689,-0.01,-0.01,-0.01,-0.06,-0.06,-0.06,-0.06,-0.06,-0.06,-0.06,-0.06,-0.06,-0.01,-0.01,-0.01,-0.01,-0.01,-0.01,-0.00,-0.00,-0.00,-0.00,-0.06,-0.06,-0.06,3,3,3,3,,0.019044999993639067
4,1057704,-0.01,-0.01,-0.01,-0.06,-0.06,-0.06,-0.06,-0.06,-0.06,-0.06,-0.06,-0.06,-0.01,-0.01,-0.01,-0.01,-0.01,-0.01,-0.00,-0.00,-0.00,-0.00,-0.06,-0.06,-0.06,3,3,3,3,,0.03385799999523442
4,1057719,-0.01,-0.01,-0.01,-0.06,-0.06,-0.06,-0.06,-0.06,-0.06,-0.06,-0.06,-0.06,-0.01,-0.01,-0.01,-0.01,-0.01,-0.01,-0.00,-0.00,-0.00,-0.00,-0.06,-0.06,-0.06,3,3,3,3,,0.053568999996059574
4,1057736,-0.01,-0.01,-0.01,-0.06,-0.06,-0.06,-0.06,-0.06,-0.06,-0.06,-0.06,-0.06,-0.01,-0.01,-0.01,-0.01,-0.01,-0.01,-0.00,-0.00,-0.00,-0.00,-0.06,-0.06,-0.06,3,3,3,3,,0.06800899999507237
4,1057753,-0.01,-0.01,-0.01,-0.06,-0.06,-0.06,-0.06,-0.06,-0.06,-0.06,-0.06,-0.06,-0.01,-0.01,-0.01,-0.01,-0.01,-0.01,-0.00,-0.00,-0.00,-0.00,-0.06,-0.06,-0.06,3,3,3,3,,0.08486099999572616
4,1057770,-0.01,-0.01,-0.01,-0.06,-0.06,-0.06,-0.06,-0.06,-0.06,-0.06,-0.06,-0.06,-0.01,-0.01,-0.01,-0.01,-0.01,-0.01,-0.00,-0.00,-0.00,-0.00,-0.06,-0.06,-0.06,3,3,3,3,,0.10168999999586958
4,1057787,-0.01,-0.01,-0.01,-0.06,-0.06,-0.06,-0.06,-0.06,-0.06,-0.06,-0.06,-0.06,-0.01,-0.01,-0.01,-0.01,-0.01,-0.01,-0.00,-0.00,-0.00,-0.00,-0.06,-0.06,-0.06,3,3,3,3,,0.11880500000552274
4,1057804,-0.01,-0.01,-0.01,-0.06,-0.06,-0.06,-0.06,-0.06,-0.06,-0.06,-0.06,-0.06,-0.01,-0.01,-0.01,-0.01,-0.01,-0.01,-0.00,-0.00,-0.00,-0.00,-0.06,-0.06,-0.06,3,3,3,3,,0.13570400000025984
4,1057821,-0.01,-0.01,-0.01,-0.06,-0.06,-0.06,-0.06,-0.06,-0.06,-0.06,-0.06,-0.06,-0.01,-0.01,-0.01,-0.01,-0.01,-0.01,-0.00,-0.00,-0.00,-0.00,-0.06,-0.06,-0.06,3,3,3,3,,0.1560860000026878
4,1057837,-0.01,-0.01,-0.01,-0.06,-0.06,-0.06,-0.06,-0.06,-0.06,-0.06,-0.06,-0.06,-0.01,-0.01,-0.01,-0.01,-0.01,-0.01,-0.00,-0.00,-0.00,-0.00,-0.06,-0.06,-0.06,3,3,3,3,,0.16972799999348354
4,1057854,-0.01,-0.01,-0.01,-0.06,-0.06,-0.06,-0.06,-0.06,-0.06,-0.06,-0.06,-0.06,-0.01,-0.01,-0.01,-0.01,-0.01,-0.01,-0.00,-0.00,-0.00,-0.00,-0.06,-0.06,-0.06,3,3,3,3,,0.18670700000075158
4,1057871,-0.01,-0.01,-0.01,-0.06,-0.06,-0.06,-0.06,-0.06,-0.06,-0.06,-0.06,-0.06,-0.01,-0.01,-0.01,-0.01,-0.01,-0.01,-0.00,-0.00,-0.00,-0.00,-0.06,-0.06,-0.06,3,3,3,3,,0.20357899999362417
4,1057888,-0.01,-0.01,-0.01,-0.06,-0.06,-0.06,-0.06,-0.06,-0.06,-0.06,-0.06,-0.06,-0.01,-0.01,-0.01,-0.01,-0.01,-0.01,-0.00,-0.00,-0.00,-0.00,-0.06,-0.06,-0.06,3,3,3,3,,0.2206960000039544
4,1057905,-0.01,-0.01,-0.01,-0.06,-0.06,-0.06,-0.06,-0.06,-0.06,-0.06,-0.06,-0.06,-0.01,-0.01,-0.01,-0.01,-0.01,-0.01,-0.00,-0.00,-0.00,-0.00,-0.06,-0.06,-0.06,3,3,3,3,,0.23770700000750367
4,1057922,-0.01,-0.01,-0.01,-0.06,-0.06,-0.06,-0.06,-0.06,-0.06,-0.06,-0.06,-0.06,-0.01,-0.01,-0.01,-0.01,-0.01,-0.01,-0.00,-0.00,-0.00,-0.00,-0.06,-0.06,-0.06,3,3,3,3,,0.25463399999716785
4,1057939,-0.01,-0.01,-0.01,-0.06,-0.06,-0.06,-0.06,-0.06,-0.06,-0.06,-0.06,-0.06,-0.01,-0.01,-0.01,-0.01,-0.01,-0.01,-0.00,-0.00,-0.00,-0.00,-0.06,-0.06,-0.06,3,3,3,3,,0.26930699999502394
4,1057954,-0.01,-0.01,-0.01,-0.06,-0.06,-0.06,-0.06,-0.06,-0.06,-0.06,-0.06,-0.06,-0.01,-0.01,-0.01,-0.01,-0.01,-0.01,-0.00,-0.00,-0.00,-0.00,-0.06,-0.06,-0.06,3,3,3,3,,0.2841539999935776
4,1057969,-0.01,-0.01,-0.01,-0.06,-0.06,-0.06,-0.06,-0.06,-0.06,-0.06,-0.06,-0.06,-0.01,-0.01,-0.01,-0.01,-0.01,-0.01,-0.00,-0.00,-0.00,-0.00,-0.06,-0.06,-0.06,3,3,3,3,,0.30061900000146125
4,1057984,-0.01,-0.01,-0.01,-0.06,-0.06,-0.06,-0.06,-0.06,-0.06,-0.06,-0.06,-0.06,-0.01,-0.01,-0.01,-0.01,-0.01,-0.01,-0.00,-0.00,-0.00,-0.00,-0.06,-0.06,-0.06,3,3,3,3,,0.3158930000063265
4,1058001,-0.01,-0.01,-0.01,-0.06,-0.06,-0.06,-0.06,-0.06,-0.06,-0.06,-0.06,-0.06,-0.01,-0.01,-0.01,-0.01,-0.01,-0.01,-0.00,-0.00,-0.00,-0.00,-0.06,-0.06,-0.06,3,3,3,3,,0.3329830000002403
4,1058018,-0.01,-0.01,-0.01,-0.06,-0.06,-0.06,-0.06,-0.06,-0.06,-0.06,-0.06,-0.06,-0.01,-0.01,-0.01,-0.01,-0.01,-0.01,-0.00,-0.00,-0.00,-0.00,-0.06,-0.06,-0.06,3,3,3,3,,0.34977299999445677
4,1058035,-0.01,-0.01,-0.01,-0.06,-0.06,-0.06,-0.06,-0.06,-0.06,-0.06,-0.06,-0.06,-0.01,-0.01,-0.01,-0.01,-0.01,-0.01,-0.00,-0.00,-0.00,-0.00,-0.06,-0.06,-0.06,3,3,3,3,,0.3671699999977136
4,1058052,-0.01,-0.01,-0.01,-0.06,-0.06,-0.06,-0.06,-0.06,-0.06,-0.06,-0.06,-0.06,-0.01,-0.01,-0.01,-0.01,-0.01,-0.01,-0.00,-0.00,-0.00,-0.00,-0.06,-0.06,-0.06,3,3,3,3,,0.38547799999651033
4,1058068,-0.01,-0.01,-0.01,-0.06,-0.06,-0.06,-0.06,-0.06,-0.06,-0.06,-0.06,-0.06,-0.01,-0.01,-0.01,-0.01,-0.01,-0.01,-0.00,-0.00,-0.00,-0.00,-0.06,-0.06,-0.06,3,3,3,3,,0.4009200000000419
4,1058085,-0.01,-0.01,-0.01,-0.06,-0.06,-0.06,-0.06,-0.06,-0.06,-0.06,-0.06,-0.06,-0.01,-0.01,-0.01,-0.01,-0.01,-0.01,-0.00,-0.00,-0.00,-0.00,-0.06,-0.06,-0.06,3,3,3,3,,0.43603599999914877
4,1058102,-0.01,-0.01,-0.01,-0.06,-0.06,-0.06,-0.06,-0.06,-0.06,-0.06,-0.06,-0.06,-0.01,-0.01,-0.01,-0.01,-0.01,-0.01,-0.00,-0.00,-0.00,-0.00,-0.06,-0.06,-0.06,3,3,3,3,,0.43664100000751205
4,1058119,-0.01,-0.01,-0.01,-0.06,-0.06,-0.06,-0.06,-0.06,-0.06,-0.06,-0.06,-0.06,-0.01,-0.01,-0.01,-0.01,-0.01,-0.01,-0.00,-0.00,-0.00,-0.00,-0.06,-0.06,-0.06,3,3,3,3,,0.45153400000708643
4,1058136,-0.01,-0.01,-0.01,-0.06,-0.06,-0.06,-0.06,-0.06,-0.06,-0.06,-0.06,-0.06,-0.01,-0.01,-0.01,-0.01,-0.01,-0.01,-0.00,-0.00,-0.00,-0.00,-0.06,-0.06,-0.06,3,3,3,3,,0.4686970000038855
4,1058153,-0.01,-0.01,-0.01,-0.06,-0.06,-0.06,-0.06,-0.06,-0.06,-0.06,-0.06,-0.06,-0.01,-0.01,-0.01,-0.01,-0.01,-0.01,-0.00,-0.00,-0.00,-0.00,-0.06,-0.06,-0.06,3,3,3,3,,0.48776400000497233
4,1058170,-0.01,-0.01,-0.01,-0.06,-0.06,-0.06,-0.06,-0.06,-0.06,-0.06,-0.06,-0.06,-0.01,-0.01,-0.01,-0.01,-0.01,-0.01,-0.00,-0.00,-0.00,-0.00,-0.06,-0.06,-0.06,3,3,3,3,,0.5026689999940572
4,1058187,-0.01,-0.01,-0.01,-0.06,-0.06,-0.06,-0.06,-0.06,-0.06,-0.06,-0.06,-0.06,-0.01,-0.01,-0.01,-0.01,-0.01,-0.01,-0.00,-0.00,-0.00,-0.00,-0.06,-0.06,-0.06,3,3,3,3,,0.5196230000001378
4,1058204,-0.01,-0.01,-0.01,-0.06,-0.06,-0.06,-0.06,-0.06,-0.06,-0.06,-0.06,-0.06,-0.01,-0.01,-0.01,-0.01,-0.01,-0.01,-0.00,-0.00,-0.00,-0.00,-0.06,-0.06,-0.06,3,3,3,3,,0.5368389999930514
4,1058219,-0.01,-0.01,-0.01,-0.06,-0.06,-0.06,-0.06,-0.06,-0.06,-0.06,-0.06,-0.06,-0.01,-0.01,-0.01,-0.01,-0.01,-0.01,-0.00,-0.00,-0.00,-0.00,-0.06,-0.06,-0.06,3,3,3,3,,0.5491080000065267
4,1058234,-0.01,-0.01,-0.01,-0.06,-0.06,-0.06,-0.06,-0.06,-0.06,-0.06,-0.06,-0.06,-0.01,-0.01,-0.01,-0.01,-0.01,-0.01,-0.00,-0.00,-0.00,-0.00,-0.06,-0.06,-0.06,3,3,3,3,,0.5655700000061188
4,1058249,-0.01,-0.01,-0.01,-0.06,-0.06,-0.06,-0.06,-0.06,-0.06,-0.06,-0.06,-0.06,-0.01,-0.01,-0.01,-0.01,-0.01,-0.01,-0.00,-0.00,-0.00,-0.00,-0.06,-0.06,-0.06,3,3,3,3,,0.5808729999989737
4,1058266,-0.01,-0.01,-0.01,-0.06,-0.06,-0.06,-0.06,-0.06,-0.06,-0.06,-0.06,-0.06,-0.01,-0.01,-0.01,-0.01,-0.01,-0.01,-0.00,-0.00,-0.00,-0.00,-0.06,-0.06,-0.06,3,3,3,3,,0.5977500000008149
4,1058283,-0.01,-0.01,-0.01,-0.06,-0.06,-0.06,-0.06,-0.06,-0.06,-0.06,-0.06,-0.06,-0.01,-0.01,-0.01,-0.01,-0.01,-0.01,-0.00,-0.00,-0.00,-0.00,-0.06,-0.06,-0.06,3,3,3,3,,0.6147329999948852
4,1058300,-0.01,-0.01,-0.01,-0.06,-0.06,-0.06,-0.06,-0.06,-0.06,-0.06,-0.06,-0.06,-0.01,-0.01,-0.01,-0.01,-0.01,-0.01,-0.00,-0.00,-0.00,-0.00,-0.06,-0.06,-0.06,3,3,3,3,,0.6318290000053821
4,1058317,-0.01,-0.01,-0.01,-0.06,-0.06,-0.06,-0.06,-0.06,-0.06,-0.06,-0.06,-0.06,-0.01,-0.01,-0.01,-0.01,-0.01,-0.01,-0.00,-0.00,-0.00,-0.00,-0.06,-0.06,-0.06,3,3,3,3,,0.648855999999796
4,1058334,-0.01,-0.01,-0.01,-0.06,-0.06,-0.06,-0.06,-0.06,-0.06,-0.06,-0.06,-0.06,-0.01,-0.01,-0.01,-0.01,-0.01,-0.01,-0.00,-0.00,-0.00,-0.00,-0.06,-0.06,-0.06,3,3,3,3,,0.6679620000068098
4,1058350,-0.01,-0.01,-0.01,-0.06,-0.06,-0.06,-0.06,-0.06,-0.06,-0.06,-0.06,-0.06,-0.01,-0.01,-0.01,-0.01,-0.01,-0.01,-0.00,-0.00,-0.00,-0.00,-0.06,-0.06,-0.06,3,3,3,3,,0.682637000005343
4,1058367,-0.01,-0.01,-0.01,-0.06,-0.06,-0.06,-0.06,-0.06,-0.06,-0.06,-0.06,-0.06,-0.01,-0.01,-0.01,-0.01,-0.01,-0.01,-0.00,-0.00,-0.00,-0.00,-0.06,-0.06,-0.06,3,3,3,3,,0.6997390000033192
4,1058384,-0.01,-0.01,-0.01,-0.06,-0.06,-0.06,-0.06,-0.06,-0.06,-0.06,-0.06,-0.06,-0.01,-0.01,-0.01,-0.01,-0.01,-0.01,-0.00,-0.00,-0.00,-0.00,-0.06,-0.06,-0.06,3,3,3,3,,0.7167290000070352
4,1058401,-0.01,-0.01,-0.01,-0.06,-0.06,-0.06,-0.06,-0.06,-0.06,-0.06,-0.06,-0.06,-0.01,-0.01,-0.01,-0.01,-0.01,-0.01,-0.00,-0.00,-0.00,-0.00,-0.06,-0.06,-0.06,3,3,3,3,,0.733661000005668
4,1058418,-0.01,-0.01,-0.01,-0.06,-0.06,-0.06,-0.06,-0.06,-0.06,-0.06,-0.06,-0.06,-0.01,-0.01,-0.01,-0.01,-0.01,-0.01,-0.00,-0.00,-0.00,-0.00,-0.06,-0.06,-0.06,3,3,3,3,,0.7484720000065863
4,1058433,-0.01,-0.01,-0.01,-0.06,-0.06,-0.06,-0.06,-0.06,-0.06,-0.06,-0.06,-0.06,-0.01,-0.01,-0.01,-0.01,-0.01,-0.01,-0.00,-0.00,-0.00,-0.00,-0.06,-0.06,-0.06,3,3,3,3,,0.7632180000073276
4,1058448,-0.01,-0.01,-0.01,-0.06,-0.06,-0.06,-0.06,-0.06,-0.06,-0.06,-0.06,-0.06,-0.01,-0.01,-0.01,-0.01,-0.01,-0.01,-0.00,-0.00,-0.00,-0.00,-0.06,-0.06,-0.06,3,3,3,3,,0.7779880000016419
4,1058463,-0.01,-0.01,-0.01,-0.06,-0.06,-0.06,-0.06,-0.06,-0.06,-0.06,-0.06,-0.06,-0.01,-0.01,-0.01,-0.01,-0.01,-0.01,-0.00,-0.00,-0.00,-0.00,-0.06,-0.06,-0.06,3,3,3,3,,0.794982000006712
4,1058480,-0.01,-0.01,-0.01,-0.06,-0.06,-0.06,-0.06,-0.06,-0.06,-0.06,-0.06,-0.06,-0.01,-0.01,-0.01,-0.01,-0.01,-0.01,-0.00,-0.00,-0.00,-0.00,-0.06,-0.06,-0.06,3,3,3,3,,0.8120119999948656
4,1058497,-0.01,-0.01,-0.01,-0.06,-0.06,-0.06,-0.06,-0.06,-0.06,-0.06,-0.06,-0.06,-0.01,-0.01,-0.01,-0.01,-0.01,-0.01,-0.00,-0.00,-0.00,-0.00,-0.06,-0.06,-0.06,3,3,3,3,,0.8307999999960884
4,1058514,-0.01,-0.01,-0.01,-0.06,-0.06,-0.06,-0.06,-0.06,-0.06,-0.06,-0.06,-0.06,-0.01,-0.01,-0.01,-0.01,-0.01,-0.01,-0.00,-0.00,-0.00,-0.00,-0.06,-0.06,-0.06,3,3,3,3,,0.8476910000026692
4,1058531,-0.01,-0.01,-0.01,-0.06,-0.06,-0.06,-0.06,-0.06,-0.06,-0.06,-0.06,-0.06,-0.01,-0.01,-0.01,-0.01,-0.01,-0.01,-0.00,-0.00,-0.00,-0.00,-0.06,-0.06,-0.06,3,3,3,3,,0.8626559999975143
4,1058548,-0.01,-0.01,-0.01,-0.06,-0.06,-0.06,-0.06,-0.06,-0.06,-0.06,-0.06,-0.06,-0.01,-0.01,-0.01,-0.01,-0.01,-0.01,-0.00,-0.00,-0.00,-0.00,-0.06,-0.06,-0.06,3,3,3,3,,0.8799909999943338
4,1058565,-0.01,-0.01,-0.01,-0.06,-0.06,-0.06,-0.06,-0.06,-0.06,-0.06,-0.06,-0.06,-0.01,-0.01,-0.01,-0.01,-0.01,-0.01,-0.00,-0.00,-0.00,-0.00,-0.06,-0.06,-0.06,3,3,3,3,,0.8973879999975907
4,1058582,-0.01,-0.01,-0.01,-0.06,-0.06,-0.06,-0.06,-0.06,-0.06,-0.06,-0.06,-0.06,-0.01,-0.01,-0.01,-0.01,-0.01,-0.01,-0.00,-0.00,-0.00,-0.00,-0.06,-0.06,-0.06,3,3,3,3,,0.9136189999990165
4,1058598,-0.01,-0.01,-0.01,-0.06,-0.06,-0.06,-0.06,-0.06,-0.06,-0.06,-0.06,-0.06,-0.01,-0.01,-0.01,-0.01,-0.01,-0.01,-0.00,-0.00,-0.00,-0.00,-0.06,-0.06,-0.06,3,3,3,3,,0.9306899999937741
4,1058615,-0.01,-0.01,-0.01,-0.06,-0.06,-0.06,-0.06,-0.06,-0.06,-0.06,-0.06,-0.06,-0.01,-0.01,-0.01,-0.01,-0.01,-0.01,-0.00,-0.00,-0.00,-0.00,-0.06,-0.06,-0.06,3,3,3,3,,0.9477329999936046
4,1058632,-0.01,-0.01,-0.01,-0.06,-0.06,-0.06,-0.06,-0.06,-0.06,-0.06,-0.06,-0.06,-0.01,-0.01,-0.01,-0.01,-0.01,-0.01,-0.00,-0.00,-0.00,-0.00,-0.06,-0.06,-0.06,3,3,3,3,,0.9647310000000289
4,1058649,-0.01,-0.01,-0.01,-0.06,-0.06,-0.06,-0.06,-0.06,-0.06,-0.06,-0.06,-0.06,-0.01,-0.01,-0.01,-0.01,-0.01,-0.01,-0.00,-0.00,-0.00,-0.00,-0.06,-0.06,-0.06,3,3,3,3,,0.9817179999954533
4,1058666,-0.01,-0.01,-0.01,-0.06,-0.06,-0.06,-0.06,-0.06,-0.06,-0.06,-0.06,-0.06,-0.01,-0.01,-0.01,-0.01,-0.01,-0.01,-0.00,-0.00,-0.00,-0.00,-0.06,-0.06,-0.06,3,3,3,3,,0.9998170000035316
4,1058683,-0.01,-0.01,-0.01,-0.06,-0.06,-0.06,-0.06,-0.06,-0.06,-0.06,-0.06,-0.06,-0.01,-0.01,-0.01,-0.01,-0.01,-0.01,-0.00,-0.00,-0.00,-0.00,-0.06,-0.06,-0.06,3,3,3,3,,1.0159240000066347
4,1058700,-0.01,-0.01,-0.01,-0.06,-0.06,-0.06,-0.06,-0.06,-0.06,-0.06,-0.06,-0.06,-0.01,-0.01,-0.01,-0.01,-0.01,-0.01,-0.00,-0.00,-0.00,-0.00,-0.06,-0.06,-0.06,3,3,3,3,,1.0326139999961015
4,1058717,-0.01,-0.01,-0.01,-0.06,-0.06,-0.06,-0.06,-0.06,-0.06,-0.06,-0.06,-0.06,-0.01,-0.01,-0.01,-0.01,-0.01,-0.01,-0.00,-0.00,-0.00,-0.00,-0.06,-0.06,-0.06,3,3,3,3,,1.0484770000039134
4,1058732,-0.01,-0.01,-0.01,-0.06,-0.06,-0.06,-0.06,-0.06,-0.06,-0.06,-0.06,-0.06,-0.01,-0.01,-0.01,-0.01,-0.01,-0.01,-0.00,-0.00,-0.00,-0.00,-0.06,-0.06,-0.06,3,3,3,3,,1.0626460000057705
4,1058747,-0.01,-0.01,-0.01,-0.06,-0.06,-0.06,-0.06,-0.06,-0.06,-0.06,-0.06,-0.06,-0.01,-0.01,-0.01,-0.01,-0.01,-0.01,-0.00,-0.00,-0.00,-0.00,-0.06,-0.06,-0.06,3,3,3,3,,1.0775759999960428
4,1058762,-0.01,-0.01,-0.01,-0.06,-0.06,-0.06,-0.06,-0.06,-0.06,-0.06,-0.06,-0.06,-0.01,-0.01,-0.01,-0.01,-0.01,-0.01,-0.00,-0.00,-0.00,-0.00,-0.06,-0.06,-0.06,3,3,3,3,,1.0940689999988535
4,1058779,-0.01,-0.01,-0.01,-0.06,-0.06,-0.06,-0.06,-0.06,-0.06,-0.06,-0.06,-0.06,-0.01,-0.01,-0.01,-0.01,-0.01,-0.01,-0.00,-0.00,-0.00,-0.00,-0.06,-0.06,-0.06,3,3,3,3,,1.1108990000066115
4,1058796,-0.01,-0.01,-0.01,-0.06,-0.06,-0.06,-0.06,-0.06,-0.06,-0.06,-0.06,-0.06,-0.01,-0.01,-0.01,-0.01,-0.01,-0.01,-0.00,-0.00,-0.00,-0.00,-0.06,-0.06,-0.06,3,3,3,3,,1.1278409999940777
4,1058813,-0.01,-0.01,-0.01,-0.06,-0.06,-0.06,-0.06,-0.06,-0.06,-0.06,-0.06,-0.06,-0.01,-0.01,-0.01,-0.01,-0.01,-0.01,-0.00,-0.00,-0.00,-0.00,-0.06,-0.06,-0.06,3,3,3,3,,1.1447320000006584
4,1058830,-0.01,-0.01,-0.01,-0.06,-0.06,-0.06,-0.06,-0.06,-0.06,-0.06,-0.06,-0.06,-0.01,-0.01,-0.01,-0.01,-0.01,-0.01,-0.00,-0.00,-0.00,-0.00,-0.06,-0.06,-0.06,3,3,3,3,,1.16186999999627
4,1058847,-0.01,-0.01,-0.01,-0.06,-0.06,-0.06,-0.06,-0.06,-0.06,-0.06,-0.06,-0.06,-0.01,-0.01,-0.01,-0.01,-0.01,-0.01,-0.00,-0.00,-0.00,-0.00,-0.06,-0.06,-0.06,3,3,3,3,,1.1800059999950463
4,1058863,-0.01,-0.01,-0.01,-0.06,-0.06,-0.06,-0.06,-0.06,-0.06,-0.06,-0.06,-0.06,-0.01,-0.01,-0.01,-0.01,-0.01,-0.01,-0.00,-0.00,-0.00,-0.00,-0.06,-0.06,-0.06,3,3,3,3,,1.1957519999996293
4,1058880,-0.01,-0.01,-0.01,-0.06,-0.06,-0.06,-0.06,-0.06,-0.06,-0.06,-0.06,-0.06,-0.01,-0.01,-0.01,-0.01,-0.01,-0.01,-0.00,-0.00,-0.00,-0.00,-0.06,-0.06,-0.06,3,3,3,3,,1.21269499999471
4,1058897,-0.01,-0.01,-0.01,-0.06,-0.06,-0.06,-0.06,-0.06,-0.06,-0.06,-0.06,-0.06,-0.01,-0.01,-0.01,-0.01,-0.01,-0.01,-0.00,-0.00,-0.00,-0.00,-0.06,-0.06,-0.06,3,3,3,3,,1.2296219999989262
4,1058914,-0.01,-0.01,-0.01,-0.06,-0.06,-0.06,-0.06,-0.06,-0.06,-0.06,-0.06,-0.06,-0.01,-0.01,-0.01,-0.01,-0.01,-0.01,-0.00,-0.00,-0.00,-0.00,-0.06,-0.06,-0.06,3,3,3,3,,1.2467080000060378
4,1058931,-0.01,-0.01,-0.01,-0.06,-0.06,-0.06,-0.06,-0.06,-0.06,-0.06,-0.06,-0.06,-0.01,-0.01,-0.01,-0.01,-0.01,-0.01,-0.00,-0.00,-0.00,-0.00,-0.06,-0.06,-0.06,3,3,3,3,,1.2636690000072122
4,1058948,-0.01,-0.01,-0.01,-0.06,-0.06,-0.06,-0.06,-0.06,-0.06,-0.06,-0.06,-0.06,-0.01,-0.01,-0.01,-0.01,-0.01,-0.01,-0.00,-0.00,-0.00,-0.00,-0.06,-0.06,-0.06,3,3,3,3,,1.2875369999965187
4,1058965,-0.01,-0.01,-0.01,-0.06,-0.06,-0.06,-0.06,-0.06,-0.06,-0.06,-0.06,-0.06,-0.01,-0.01,-0.01,-0.01,-0.01,-0.01,-0.00,-0.00,-0.00,-0.00,-0.06,-0.06,-0.06,3,3,3,3,,1.2976349999953527
4,1058982,-0.01,-0.01,-0.01,-0.06,-0.06,-0.06,-0.06,-0.06,-0.06,-0.06,-0.06,-0.06,-0.01,-0.01,-0.01,-0.01,-0.01,-0.01,-0.00,-0.00,-0.00,-0.00,-0.06,-0.06,-0.06,3,3,3,3,,1.3124410000018543
4,1058997,-0.01,-0.01,-0.01,-0.06,-0.06,-0.06,-0.06,-0.06,-0.06,-0.06,-0.06,-0.06,-0.01,-0.01,-0.01,-0.01,-0.01,-0.01,-0.00,-0.00,-0.00,-0.00,-0.06,-0.06,-0.06,3,3,3,3,,1.3271620000014082
4,1059012,-0.01,-0.01,-0.01,-0.06,-0.06,-0.06,-0.06,-0.06,-0.06,-0.06,-0.06,-0.06,-0.01,-0.01,-0.01,-0.01,-0.01,-0.01,-0.00,-0.00,-0.00,-0.00,-0.06,-0.06,-0.06,3,3,3,3,,1.3417959999933373
4,1059027,-0.01,-0.01,-0.01,-0.06,-0.06,-0.06,-0.06,-0.06,-0.06,-0.06,-0.06,-0.06,-0.01,-0.01,-0.01,-0.01,-0.01,-0.01,-0.00,-0.00,-0.00,-0.00,-0.06,-0.06,-0.06,3,3,3,3,,1.3589610000053653
4,1059044,-0.01,-0.01,-0.01,-0.06,-0.06,-0.06,-0.06,-0.06,-0.06,-0.06,-0.06,-0.06,-0.01,-0.01,-0.01,-0.01,-0.01,-0.01,-0.00,-0.00,-0.00,-0.00,-0.06,-0.06,-0.06,3,3,3,3,,1.3759060000011232
4,1059061,-0.01,-0.01,-0.01,-0.06,-0.06,-0.06,-0.06,-0.06,-0.06,-0.06,-0.06,-0.06,-0.01,-0.01,-0.01,-0.01,-0.01,-0.01,-0.00,-0.00,-0.00,-0.00,-0.06,-0.06,-0.06,3,3,3,3,,1.392772999999579
4,1059078,-0.01,-0.01,-0.01,-0.06,-0.06,-0.06,-0.06,-0.06,-0.06,-0.06,-0.06,-0.06,-0.01,-0.01,-0.01,-0.01,-0.01,-0.01,-0.00,-0.00,-0.00,-0.00,-0.06,-0.06,-0.06,3,3,3,3,,1.40983899999992
4,1059095,-0.01,-0.01,-0.01,-0.06,-0.06,-0.06,-0.06,-0.06,-0.06,-0.06,-0.06,-0.06,-0.01,-0.01,-0.01,-0.01,-0.01,-0.01,-0.00,-0.00,-0.00,-0.00,-0.06,-0.06,-0.06,3,3,3,3,,1.4276229999959469
4,1059112,-0.01,-0.01,-0.01,-0.06,-0.06,-0.06,-0.06,-0.06,-0.06,-0.06,-0.06,-0.06,-0.01,-0.01,-0.01,-0.01,-0.01,-0.01,-0.00,-0.00,-0.00,-0.00,-0.06,-0.06,-0.06,3,3,3,3,,1.444229999993695
4,1059128,-0.01,-0.01,-0.01,-0.06,-0.06,-0.06,-0.06,-0.06,-0.06,-0.06,-0.06,-0.06,-0.01,-0.01,-0.01,-0.01,-0.01,-0.01,-0.00,-0.00,-0.00,-0.00,-0.06,-0.06,-0.06,3,3,3,3,,1.4607280000054743
4,1059145,-0.01,-0.01,-0.01,-0.06,-0.06,-0.06,-0.06,-0.06,-0.06,-0.06,-0.06,-0.06,-0.01,-0.01,-0.01,-0.01,-0.01,-0.01,-0.00,-0.00,-0.00,-0.00,-0.06,-0.06,-0.06,3,3,3,3,,1.4777570000005653
4,1059162,-0.01,-0.01,-0.01,-0.06,-0.06,-0.06,-0.06,-0.06,-0.06,-0.06,-0.06,-0.06,-0.01,-0.01,-0.01,-0.01,-0.01,-0.01,-0.00,-0.00,-0.00,-0.00,-0.06,-0.06,-0.06,3,3,3,3,,1.4949259999993956
4,1059179,-0.01,-0.01,-0.01,-0.06,-0.06,-0.06,-0.06,-0.06,-0.06,-0.06,-0.06,-0.06,-0.01,-0.01,-0.01,-0.01,-0.01,-0.01,-0.00,-0.00,-0.00,-0.00,-0.06,-0.06,-0.06,3,3,3,3,,1.5117929999978514
4,1059196,-0.01,-0.01,-0.01,-0.06,-0.06,-0.06,-0.06,-0.06,-0.06,-0.06,-0.06,-0.06,-0.01,-0.01,-0.01,-0.01,-0.01,-0.01,-0.00,-0.00,-0.00,-0.00,-0.06,-0.06,-0.06,3,3,3,3,,1.5286749999941094
4,1059213,-0.01,-0.01,-0.01,-0.06,-0.06,-0.06,-0.06,-0.06,-0.06,-0.06,-0.06,-0.06,-0.01,-0.01,-0.01,-0.01,-0.01,-0.01,-0.00,-0.00,-0.00,-0.00,-0.06,-0.06,-0.06,3,3,3,3,,1.5433349999948405
4,1059228,-0.01,-0.01,-0.01,-0.06,-0.06,-0.06,-0.06,-0.06,-0.06,-0.06,-0.06,-0.06,-0.01,-0.01,-0.01,-0.01,-0.01,-0.01,-0.00,-0.00,-0.00,-0.00,-0.06,-0.06,-0.06,3,3,3,3,,1.5604179999936605
4,1059243,-0.01,-0.01,-0.01,-0.06,-0.06,-0.06,-0.06,-0.06,-0.06,-0.06,-0.06,-0.06,-0.01,-0.01,-0.01,-0.01,-0.01,-0.01,-0.00,-0.00,-0.00,-0.00,-0.06,-0.06,-0.06,3,3,3,3,,1.573006999999052
4,1059258,-0.01,-0.01,-0.01,-0.06,-0.06,-0.06,-0.06,-0.06,-0.06,-0.06,-0.06,-0.06,-0.01,-0.01,-0.01,-0.01,-0.01,-0.01,-0.00,-0.00,-0.00,-0.00,-0.06,-0.06,-0.06,3,3,3,3,,1.5898589999997057
4,1059275,-0.01,-0.01,-0.01,-0.06,-0.06,-0.06,-0.06,-0.06,-0.06,-0.06,-0.06,-0.06,-0.01,-0.01,-0.01,-0.01,-0.01,-0.01,-0.00,-0.00,-0.00,-0.00,-0.06,-0.06,-0.06,3,3,3,3,,1.6068320000049425
4,1059292,-0.01,-0.01,-0.01,-0.06,-0.06,-0.06,-0.06,-0.06,-0.06,-0.06,-0.06,-0.06,-0.01,-0.01,-0.01,-0.01,-0.01,-0.01,-0.00,-0.00,-0.00,-0.00,-0.06,-0.06,-0.06,3,3,3,3,,1.623938000004273
4,1059309,-0.01,-0.01,-0.01,-0.06,-0.06,-0.06,-0.06,-0.06,-0.06,-0.06,-0.06,-0.06,-0.01,-0.01,-0.01,-0.01,-0.01,-0.01,-0.00,-0.00,-0.00,-0.00,-0.06,-0.06,-0.06,3,3,3,3,,1.6408809999993537
4,1059326,-0.01,-0.01,-0.01,-0.06,-0.06,-0.06,-0.06,-0.06,-0.06,-0.06,-0.06,-0.06,-0.01,-0.01,-0.01,-0.01,-0.01,-0.01,-0.00,-0.00,-0.00,-0.00,-0.06,-0.06,-0.06,3,3,3,3,,1.6578710000030696
4,1059343,-0.01,-0.01,-0.01,-0.06,-0.06,-0.06,-0.06,-0.06,-0.06,-0.06,-0.06,-0.06,-0.01,-0.01,-0.01,-0.01,-0.01,-0.01,-0.00,-0.00,-0.00,-0.00,-0.06,-0.06,-0.06,3,3,3,3,,1.6748030000017025
4,1059360,-0.01,-0.01,-0.01,-0.06,-0.06,-0.06,-0.06,-0.06,-0.06,-0.06,-0.06,-0.06,-0.01,-0.01,-0.01,-0.01,-0.01,-0.01,-0.00,-0.00,-0.00,-0.00,-0.06,-0.06,-0.06,3,3,3,3,,1.692003999996814
4,1059377,-0.01,-0.01,-0.01,-0.06,-0.06,-0.06,-0.06,-0.06,-0.06,-0.06,-0.06,-0.06,-0.01,-0.01,-0.01,-0.01,-0.01,-0.01,-0.00,-0.00,-0.00,-0.00,-0.06,-0.06,-0.06,3,3,3,3,,1.708811999997124
4,1059393,-0.01,-0.01,-0.01,-0.06,-0.06,-0.06,-0.06,-0.06,-0.06,-0.06,-0.06,-0.06,-0.01,-0.01,-0.01,-0.01,-0.01,-0.01,-0.00,-0.00,-0.00,-0.00,-0.06,-0.06,-0.06,3,3,3,3,,1.7288600000028964
4,1059410,-0.01,-0.01,-0.01,-0.06,-0.06,-0.06,-0.06,-0.06,-0.06,-0.06,-0.06,-0.06,-0.01,-0.01,-0.01,-0.01,-0.01,-0.01,-0.00,-0.00,-0.00,-0.00,-0.06,-0.06,-0.06,3,3,3,3,,1.7427710000047227
4,1059427,-0.01,-0.01,-0.01,-0.06,-0.06,-0.06,-0.06,-0.06,-0.06,-0.06,-0.06,-0.06,-0.01,-0.01,-0.01,-0.01,-0.01,-0.01,-0.00,-0.00,-0.00,-0.00,-0.06,-0.06,-0.06,3,3,3,3,,1.7597640000021784
4,1059444,-0.01,-0.01,-0.01,-0.06,-0.06,-0.06,-0.06,-0.06,-0.06,-0.06,-0.06,-0.06,-0.01,-0.01,-0.01,-0.01,-0.01,-0.01,-0.00,-0.00,-0.00,-0.00,-0.06,-0.06,-0.06,3,3,3,3,,1.7767800000001444
4,1059461,-0.01,-0.01,-0.01,-0.06,-0.06,-0.06,-0.06,-0.06,-0.06,-0.06,-0.06,-0.06,-0.01,-0.01,-0.01,-0.01,-0.01,-0.01,-0.00,-0.00,-0.00,-0.00,-0.06,-0.06,-0.06,3,3,3,3,,1.7943660000019008
4,1059478,-0.01,-0.01,-0.01,-0.06,-0.06,-0.06,-0.06,-0.06,-0.06,-0.06,-0.06,-0.06,-0.01,-0.01,-0.01,-0.01,-0.01,-0.01,-0.00,-0.00,-0.00,-0.00,-0.06,-0.06,-0.06,3,3,3,3,,1.8106969999935245
4,1059495,-0.01,-0.01,-0.01,-0.06,-0.06,-0.06,-0.06,-0.06,-0.06,-0.06,-0.06,-0.06,-0.01,-0.01,-0.01,-0.01,-0.01,-0.01,-0.00,-0.00,-0.00,-0.00,-0.06,-0.06,-0.06,3,3,3,3,,1.8276219999970635
4,1059512,-0.01,-0.01,-0.01,-0.06,-0.06,-0.06,-0.06,-0.06,-0.06,-0.06,-0.06,-0.06,-0.01,-0.01,-0.01,-0.01,-0.01,-0.01,-0.00,-0.00,-0.00,-0.00,-0.06,-0.06,-0.06,3,3,3,3,,1.846151000005193
4,1059527,-0.01,-0.01,-0.01,-0.06,-0.06,-0.06,-0.06,-0.06,-0.06,-0.06,-0.06,-0.06,-0.01,-0.01,-0.01,-0.01,-0.01,-0.01,-0.00,-0.00,-0.00,-0.00,-0.06,-0.06,-0.06,3,3,3,3,,1.8604659999982687
4,1059542,-0.01,-0.01,-0.01,-0.06,-0.06,-0.06,-0.06,-0.06,-0.06,-0.06,-0.06,-0.06,-0.01,-0.01,-0.01,-0.01,-0.01,-0.01,-0.00,-0.00,-0.00,-0.00,-0.06,-0.06,-0.06,3,3,3,3,,1.8732900000031805
4,1059557,-0.01,-0.01,-0.01,-0.06,-0.06,-0.06,-0.06,-0.06,-0.06,-0.06,-0.06,-0.06,-0.01,-0.01,-0.01,-0.01,-0.01,-0.01,-0.00,-0.00,-0.00,-0.00,-0.06,-0.06,-0.06,3,3,3,3,,1.8888330000045244
4,1059574,-0.01,-0.01,-0.01,-0.06,-0.06,-0.06,-0.06,-0.06,-0.06,-0.06,-0.06,-0.06,-0.01,-0.01,-0.01,-0.01,-0.01,-0.01,-0.00,-0.00,-0.00,-0.00,-0.06,-0.06,-0.06,3,3,3,3,,1.9058879999938654
4,1059591,-0.01,-0.01,-0.01,-0.06,-0.06,-0.06,-0.06,-0.06,-0.06,-0.06,-0.06,-0.06,-0.01,-0.01,-0.01,-0.01,-0.01,-0.01,-0.00,-0.00,-0.00,-0.00,-0.06,-0.06,-0.06,3,3,3,3,,1.9228690000018105
4,1059608,-0.01,-0.01,-0.01,-0.06,-0.06,-0.06,-0.06,-0.06,-0.06,-0.06,-0.06,-0.06,-0.01,-0.01,-0.01,-0.01,-0.01,-0.01,-0.00,-0.00,-0.00,-0.00,-0.06,-0.06,-0.06,3,3,3,3,,1.939832000003662
4,1059625,-0.01,-0.01,-0.01,-0.06,-0.06,-0.06,-0.06,-0.06,-0.06,-0.06,-0.06,-0.06,-0.01,-0.01,-0.01,-0.01,-0.01,-0.01,-0.00,-0.00,-0.00,-0.00,-0.06,-0.06,-0.06,3,3,3,3,,1.9569360000023153
4,1059642,-0.01,-0.01,-0.01,-0.06,-0.06,-0.06,-0.06,-0.06,-0.06,-0.06,-0.06,-0.06,-0.01,-0.01,-0.01,-0.01,-0.01,-0.01,-0.00,-0.00,-0.00,-0.00,-0.06,-0.06,-0.06,3,3,3,3,,1.977247000002535
4,1059658,-0.01,-0.01,-0.01,-0.06,-0.06,-0.06,-0.06,-0.06,-0.06,-0.06,-0.06,-0.06,-0.01,-0.01,-0.01,-0.01,-0.01,-0.01,-0.00,-0.00,-0.00,-0.00,-0.06,-0.06,-0.06,3,3,3,3,,1.9908010000071954
4,1059675,-0.01,-0.01,-0.01,-0.06,-0.06,-0.06,-0.06,-0.06,-0.06,-0.06,-0.06,-0.06,-0.01,-0.01,-0.01,-0.01,-0.01,-0.01,-0.00,-0.00,-0.00,-0.00,-0.06,-0.06,-0.06,3,3,3,3,,2.007930000007036
4,1059692,-0.01,-0.01,-0.01,-0.06,-0.06,-0.06,-0.06,-0.06,-0.06,-0.06,-0.06,-0.06,-0.01,-0.01,-0.01,-0.01,-0.01,-0.01,-0.00,-0.00,-0.00,-0.00,-0.06,-0.06,-0.06,3,3,3,3,,2.024650000006659
4,1059709,-0.01,-0.01,-0.01,-0.06,-0.06,-0.06,-0.06,-0.06,-0.06,-0.06,-0.06,-0.06,-0.01,-0.01,-0.01,-0.01,-0.01,-0.01,-0.00,-0.00,-0.00,-0.00,-0.06,-0.06,-0.06,3,3,3,3,,2.04173900000751
4,1059726,-0.01,-0.01,-0.01,-0.06,-0.06,-0.06,-0.06,-0.06,-0.06,-0.06,-0.06,-0.06,-0.01,-0.01,-0.01,-0.01,-0.01,-0.01,-0.00,-0.00,-0.00,-0.00,-0.06,-0.06,-0.06,3,3,3,3,,2.0586380000022473
4,1059743,-0.01,-0.01,-0.01,-0.06,-0.06,-0.06,-0.06,-0.06,-0.06,-0.06,-0.06,-0.06,-0.01,-0.01,-0.01,-0.01,-0.01,-0.01,-0.00,-0.00,-0.00,-0.00,-0.06,-0.06,-0.06,3,3,3,3,,2.075672000006307
4,1059761,-0.01,-0.01,-0.01,-0.06,-0.06,-0.06,-0.06,-0.06,-0.06,-0.06,-0.06,-0.06,-0.01,-0.01,-0.01,-0.01,-0.01,-0.01,-0.00,-0.00,-0.00,-0.00,-0.06,-0.06,-0.06,3,3,3,3,,2.092707000003429
4,1059777,-0.01,-0.01,-0.01,-0.06,-0.06,-0.06,-0.06,-0.06,-0.06,-0.06,-0.06,-0.06,-0.01,-0.01,-0.01,-0.01,-0.01,-0.01,-0.00,-0.00,-0.00,-0.00,-0.06,-0.06,-0.06,3,3,3,3,,2.1136070000065956
4,1059794,-0.01,-0.01,-0.01,-0.06,-0.06,-0.06,-0.06,-0.06,-0.06,-0.06,-0.06,-0.06,-0.01,-0.01,-0.01,-0.01,-0.01,-0.01,-0.00,-0.00,-0.00,-0.00,-0.06,-0.06,-0.06,3,3,3,3,,2.126258999996935
4,1059809,-0.01,-0.01,-0.01,-0.06,-0.06,-0.06,-0.06,-0.06,-0.06,-0.06,-0.06,-0.06,-0.01,-0.01,-0.01,-0.01,-0.01,-0.01,-0.00,-0.00,-0.00,-0.00,-0.06,-0.06,-0.06,3,3,3,3,,2.13907800000743
4,1059824,-0.01,-0.01,-0.01,-0.06,-0.06,-0.06,-0.06,-0.06,-0.06,-0.06,-0.06,-0.06,-0.01,-0.01,-0.01,-0.01,-0.01,-0.01,-0.00,-0.00,-0.00,-0.00,-0.06,-0.06,-0.06,3,3,3,3,,2.153930999993463
4,1059839,-0.01,-0.01,-0.01,-0.06,-0.06,-0.06,-0.06,-0.06,-0.06,-0.06,-0.06,-0.06,-0.01,-0.01,-0.01,-0.01,-0.01,-0.01,-0.00,-0.00,-0.00,-0.00,-0.06,-0.06,-0.06,3,3,3,3,,2.170756999999867
4,1059856,-0.01,-0.01,-0.01,-0.06,-0.06,-0.06,-0.06,-0.06,-0.06,-0.06,-0.06,-0.06,-0.01,-0.01,-0.01,-0.01,-0.01,-0.01,-0.00,-0.00,-0.00,-0.00,-0.06,-0.06,-0.06,3,3,3,3,,2.188108000002103
4,1059873,-0.01,-0.01,-0.01,-0.06,-0.06,-0.06,-0.06,-0.06,-0.06,-0.06,-0.06,-0.06,-0.01,-0.01,-0.01,-0.01,-0.01,-0.01,-0.00,-0.00,-0.00,-0.00,-0.06,-0.06,-0.06,3,3,3,3,,2.207118000005721
4,1059890,-0.01,-0.01,-0.01,-0.06,-0.06,-0.06,-0.06,-0.06,-0.06,-0.06,-0.06,-0.06,-0.01,-0.01,-0.01,-0.01,-0.01,-0.01,-0.00,-0.00,-0.00,-0.00,-0.06,-0.06,-0.06,3,3,3,3,,2.2217649999947753
